SET FOREIGN_KEY_CHECKS = 0;
START TRANSACTION;

CREATE TABLE `auth_group` (`id` integer NOT NULL PRIMARY KEY AUTO_INCREMENT, `name` varchar(150) NOT NULL UNIQUE);
CREATE TABLE `auth_group_permissions` (`id` integer NOT NULL PRIMARY KEY AUTO_INCREMENT, `group_id` integer NOT NULL REFERENCES `auth_group` (`id`) DEFERRABLE INITIALLY DEFERRED, `permission_id` integer NOT NULL REFERENCES `auth_permission` (`id`) DEFERRABLE INITIALLY DEFERRED);
CREATE TABLE `auth_permission` (`id` integer NOT NULL PRIMARY KEY AUTO_INCREMENT, `content_type_id` integer NOT NULL REFERENCES `django_content_type` (`id`) DEFERRABLE INITIALLY DEFERRED, `codename` varchar(100) NOT NULL, `name` varchar(255) NOT NULL);
INSERT INTO `auth_permission` VALUES(1,1,'add_logentry','Can add log entry');
INSERT INTO `auth_permission` VALUES(2,1,'change_logentry','Can change log entry');
INSERT INTO `auth_permission` VALUES(3,1,'delete_logentry','Can delete log entry');
INSERT INTO `auth_permission` VALUES(4,1,'view_logentry','Can view log entry');
INSERT INTO `auth_permission` VALUES(5,3,'add_permission','Can add permission');
INSERT INTO `auth_permission` VALUES(6,3,'change_permission','Can change permission');
INSERT INTO `auth_permission` VALUES(7,3,'delete_permission','Can delete permission');
INSERT INTO `auth_permission` VALUES(8,3,'view_permission','Can view permission');
INSERT INTO `auth_permission` VALUES(9,2,'add_group','Can add group');
INSERT INTO `auth_permission` VALUES(10,2,'change_group','Can change group');
INSERT INTO `auth_permission` VALUES(11,2,'delete_group','Can delete group');
INSERT INTO `auth_permission` VALUES(12,2,'view_group','Can view group');
INSERT INTO `auth_permission` VALUES(13,4,'add_user','Can add user');
INSERT INTO `auth_permission` VALUES(14,4,'change_user','Can change user');
INSERT INTO `auth_permission` VALUES(15,4,'delete_user','Can delete user');
INSERT INTO `auth_permission` VALUES(16,4,'view_user','Can view user');
INSERT INTO `auth_permission` VALUES(17,5,'add_contenttype','Can add content type');
INSERT INTO `auth_permission` VALUES(18,5,'change_contenttype','Can change content type');
INSERT INTO `auth_permission` VALUES(19,5,'delete_contenttype','Can delete content type');
INSERT INTO `auth_permission` VALUES(20,5,'view_contenttype','Can view content type');
INSERT INTO `auth_permission` VALUES(21,6,'add_session','Can add session');
INSERT INTO `auth_permission` VALUES(22,6,'change_session','Can change session');
INSERT INTO `auth_permission` VALUES(23,6,'delete_session','Can delete session');
INSERT INTO `auth_permission` VALUES(24,6,'view_session','Can view session');
INSERT INTO `auth_permission` VALUES(25,9,'add_userprofile','Can add Perfil de Usuário');
INSERT INTO `auth_permission` VALUES(26,9,'change_userprofile','Can change Perfil de Usuário');
INSERT INTO `auth_permission` VALUES(27,9,'delete_userprofile','Can delete Perfil de Usuário');
INSERT INTO `auth_permission` VALUES(28,9,'view_userprofile','Can view Perfil de Usuário');
INSERT INTO `auth_permission` VALUES(29,8,'add_especialidade','Can add Especialidade');
INSERT INTO `auth_permission` VALUES(30,8,'change_especialidade','Can change Especialidade');
INSERT INTO `auth_permission` VALUES(31,8,'delete_especialidade','Can delete Especialidade');
INSERT INTO `auth_permission` VALUES(32,8,'view_especialidade','Can view Especialidade');
INSERT INTO `auth_permission` VALUES(33,7,'add_activitylog','Can add Log de Atividade');
INSERT INTO `auth_permission` VALUES(34,7,'change_activitylog','Can change Log de Atividade');
INSERT INTO `auth_permission` VALUES(35,7,'delete_activitylog','Can delete Log de Atividade');
INSERT INTO `auth_permission` VALUES(36,7,'view_activitylog','Can view Log de Atividade');
INSERT INTO `auth_permission` VALUES(37,13,'add_task','Can add Tarefa');
INSERT INTO `auth_permission` VALUES(38,13,'change_task','Can change Tarefa');
INSERT INTO `auth_permission` VALUES(39,13,'delete_task','Can delete Tarefa');
INSERT INTO `auth_permission` VALUES(40,13,'view_task','Can view Tarefa');
INSERT INTO `auth_permission` VALUES(41,14,'add_taskevidence','Can add Evidência');
INSERT INTO `auth_permission` VALUES(42,14,'change_taskevidence','Can change Evidência');
INSERT INTO `auth_permission` VALUES(43,14,'delete_taskevidence','Can delete Evidência');
INSERT INTO `auth_permission` VALUES(44,14,'view_taskevidence','Can view Evidência');
INSERT INTO `auth_permission` VALUES(45,11,'add_message','Can add Mensagem');
INSERT INTO `auth_permission` VALUES(46,11,'change_message','Can change Mensagem');
INSERT INTO `auth_permission` VALUES(47,11,'delete_message','Can delete Mensagem');
INSERT INTO `auth_permission` VALUES(48,11,'view_message','Can view Mensagem');
INSERT INTO `auth_permission` VALUES(49,15,'add_tipoproblem','Can add Tipo de Problema');
INSERT INTO `auth_permission` VALUES(50,15,'change_tipoproblem','Can change Tipo de Problema');
INSERT INTO `auth_permission` VALUES(51,15,'delete_tipoproblem','Can delete Tipo de Problema');
INSERT INTO `auth_permission` VALUES(52,15,'view_tipoproblem','Can view Tipo de Problema');
INSERT INTO `auth_permission` VALUES(53,10,'add_areapredio','Can add Área do Prédio');
INSERT INTO `auth_permission` VALUES(54,10,'change_areapredio','Can change Área do Prédio');
INSERT INTO `auth_permission` VALUES(55,10,'delete_areapredio','Can delete Área do Prédio');
INSERT INTO `auth_permission` VALUES(56,10,'view_areapredio','Can view Área do Prédio');
INSERT INTO `auth_permission` VALUES(57,12,'add_notification','Can add Notificação');
INSERT INTO `auth_permission` VALUES(58,12,'change_notification','Can change Notificação');
INSERT INTO `auth_permission` VALUES(59,12,'delete_notification','Can delete Notificação');
INSERT INTO `auth_permission` VALUES(60,12,'view_notification','Can view Notificação');
CREATE TABLE `auth_user` (`id` integer NOT NULL PRIMARY KEY AUTO_INCREMENT, `password` varchar(128) NOT NULL, `last_login` datetime NULL, `is_superuser` bool NOT NULL, `username` varchar(150) NOT NULL UNIQUE, `last_name` varchar(150) NOT NULL, `email` varchar(254) NOT NULL, `is_staff` bool NOT NULL, `is_active` bool NOT NULL, `date_joined` datetime NOT NULL, `first_name` varchar(150) NOT NULL);
INSERT INTO `auth_user` VALUES(1,'pbkdf2_sha256$1200000$2LTxG81i0rXvhDWLCtetNs$ilZDMT0rz8JM/CsZqajMATZC5e+S7iDyDnB1VvqtI7M=','2026-06-26 10:42:17.072260',1,'admin','','',1,1,'2026-04-14 17:49:09.450988','');
INSERT INTO `auth_user` VALUES(2,'pbkdf2_sha256$720000$3xq45P43EWjqHl36gIafmc$70D+vXhdJk/5VMZDD4OMxYLR163E6ly605DriiCxCOo=','2026-06-26 00:08:28.973286',0,'gestor','','',0,1,'2026-04-14 17:49:11.151118','');
INSERT INTO `auth_user` VALUES(3,'pbkdf2_sha256$1200000$MOph5cqTPjCmxZPX7cLSSc$5dH7bYUnWpPVaMkg0MDjaOo3UucrW314dWTTXR2byyg=','2026-05-06 01:10:25.293556',0,'lider','','',0,1,'2026-04-14 17:49:12.677910','');
INSERT INTO `auth_user` VALUES(4,'pbkdf2_sha256$600000$ORiY9YZc9khyFCjnYPcISk$V+DeHXuoRpWXFeveIEaOWIIEkvJ4S6KzAILAGjV3Tsg=','2026-05-27 23:44:18.586874',0,'colaborador','','',0,1,'2026-04-14 17:49:14.109448','');
INSERT INTO `auth_user` VALUES(7,'pbkdf2_sha256$720000$6UHLj7oEUcAXx2KRMWo4MO$wRjUarclwjJHDI86qqHwTSPdh5SoQ5Czm98t5aQymGc=',NULL,0,'maria.santos','Santos','maria@chaplin.com',0,1,'2026-06-25 23:09:25.959261','Maria');
INSERT INTO `auth_user` VALUES(8,'pbkdf2_sha256$1200000$dMBMekDjJOSqYKrcAEY8an$SGVSmoXhEnKf3f8tKKrIkKE6beImPzwfJwOOYz21vrY=','2026-06-26 11:02:01.642493',0,'pedro.costa','Costa','pedro@chaplin.com',0,1,'2026-06-25 23:09:26.400167','Pedro');
INSERT INTO `auth_user` VALUES(9,'pbkdf2_sha256$720000$QKCP7E2irOH0D7K1KVgr5i$ej16rL3+9RSlT+Ggs4gGjKDopOOgNU0F+sOk8X4/VF8=',NULL,0,'ana.lima','Lima','ana@chaplin.com',0,1,'2026-06-25 23:09:26.861953','Ana');
INSERT INTO `auth_user` VALUES(10,'pbkdf2_sha256$720000$RPXLMS6Iad2LCG24AJTolW$lgoRiFJW0F+HkMEq7Bkdup0PeCgUTqrRPEJhE6IRiYg=',NULL,0,'bruno.ferreira','De Jesus','misael@chaplin.com',0,1,'2026-06-25 23:09:27.314157','Misael');
CREATE TABLE `auth_user_groups` (`id` integer NOT NULL PRIMARY KEY AUTO_INCREMENT, `user_id` integer NOT NULL REFERENCES `auth_user` (`id`) DEFERRABLE INITIALLY DEFERRED, `group_id` integer NOT NULL REFERENCES `auth_group` (`id`) DEFERRABLE INITIALLY DEFERRED);
CREATE TABLE `auth_user_user_permissions` (`id` integer NOT NULL PRIMARY KEY AUTO_INCREMENT, `user_id` integer NOT NULL REFERENCES `auth_user` (`id`) DEFERRABLE INITIALLY DEFERRED, `permission_id` integer NOT NULL REFERENCES `auth_permission` (`id`) DEFERRABLE INITIALLY DEFERRED);
CREATE TABLE `django_admin_log` (`id` integer NOT NULL PRIMARY KEY AUTO_INCREMENT, `object_id` text NULL, `object_repr` varchar(200) NOT NULL, `action_flag` smallint unsigned NOT NULL CHECK (`action_flag` >= 0), `change_message` text NOT NULL, `content_type_id` integer NULL REFERENCES `django_content_type` (`id`) DEFERRABLE INITIALLY DEFERRED, `user_id` integer NOT NULL REFERENCES `auth_user` (`id`) DEFERRABLE INITIALLY DEFERRED, `action_time` datetime NOT NULL);
CREATE TABLE `django_content_type` (`id` integer NOT NULL PRIMARY KEY AUTO_INCREMENT, `app_label` varchar(100) NOT NULL, `model` varchar(100) NOT NULL);
INSERT INTO `django_content_type` VALUES(1,'admin','logentry');
INSERT INTO `django_content_type` VALUES(2,'auth','group');
INSERT INTO `django_content_type` VALUES(3,'auth','permission');
INSERT INTO `django_content_type` VALUES(4,'auth','user');
INSERT INTO `django_content_type` VALUES(5,'contenttypes','contenttype');
INSERT INTO `django_content_type` VALUES(6,'sessions','session');
INSERT INTO `django_content_type` VALUES(7,'users','activitylog');
INSERT INTO `django_content_type` VALUES(8,'users','especialidade');
INSERT INTO `django_content_type` VALUES(9,'users','userprofile');
INSERT INTO `django_content_type` VALUES(10,'tasks','areapredio');
INSERT INTO `django_content_type` VALUES(11,'tasks','message');
INSERT INTO `django_content_type` VALUES(12,'tasks','notification');
INSERT INTO `django_content_type` VALUES(13,'tasks','task');
INSERT INTO `django_content_type` VALUES(14,'tasks','taskevidence');
INSERT INTO `django_content_type` VALUES(15,'tasks','tipoproblem');
CREATE TABLE `django_migrations` (`id` integer NOT NULL PRIMARY KEY AUTO_INCREMENT, `app` varchar(255) NOT NULL, `name` varchar(255) NOT NULL, `applied` datetime NOT NULL);
INSERT INTO `django_migrations` VALUES(1,'contenttypes','0001_initial','2026-03-25 00:49:28.072661');
INSERT INTO `django_migrations` VALUES(2,'auth','0001_initial','2026-03-25 00:49:28.113319');
INSERT INTO `django_migrations` VALUES(3,'admin','0001_initial','2026-03-25 00:49:28.148827');
INSERT INTO `django_migrations` VALUES(4,'admin','0002_logentry_remove_auto_add','2026-03-25 00:49:28.173113');
INSERT INTO `django_migrations` VALUES(5,'admin','0003_logentry_add_action_flag_choices','2026-03-25 00:49:28.196520');
INSERT INTO `django_migrations` VALUES(6,'contenttypes','0002_remove_content_type_name','2026-03-25 00:49:28.224163');
INSERT INTO `django_migrations` VALUES(7,'auth','0002_alter_permission_name_max_length','2026-03-25 00:49:28.248676');
INSERT INTO `django_migrations` VALUES(8,'auth','0003_alter_user_email_max_length','2026-03-25 00:49:28.273201');
INSERT INTO `django_migrations` VALUES(9,'auth','0004_alter_user_username_opts','2026-03-25 00:49:28.293415');
INSERT INTO `django_migrations` VALUES(10,'auth','0005_alter_user_last_login_null','2026-03-25 00:49:28.313627');
INSERT INTO `django_migrations` VALUES(11,'auth','0006_require_contenttypes_0002','2026-03-25 00:49:28.330453');
INSERT INTO `django_migrations` VALUES(12,'auth','0007_alter_validators_add_error_messages','2026-03-25 00:49:28.351280');
INSERT INTO `django_migrations` VALUES(13,'auth','0008_alter_user_username_max_length','2026-03-25 00:49:28.373373');
INSERT INTO `django_migrations` VALUES(14,'auth','0009_alter_user_last_name_max_length','2026-03-25 00:49:28.395269');
INSERT INTO `django_migrations` VALUES(15,'auth','0010_alter_group_name_max_length','2026-03-25 00:49:28.417729');
INSERT INTO `django_migrations` VALUES(16,'auth','0011_update_proxy_permissions','2026-03-25 00:49:28.439642');
INSERT INTO `django_migrations` VALUES(17,'auth','0012_alter_user_first_name_max_length','2026-03-25 00:49:28.465871');
INSERT INTO `django_migrations` VALUES(18,'sessions','0001_initial','2026-03-25 00:49:28.499274');
INSERT INTO `django_migrations` VALUES(19,'tasks','0001_initial','2026-03-25 00:49:28.546795');
INSERT INTO `django_migrations` VALUES(20,'tasks','0002_tipoproblem_taskevidence_materiais_utilizados_and_more','2026-03-25 00:49:28.604080');
INSERT INTO `django_migrations` VALUES(21,'tasks','0003_areapredio_task_area','2026-03-25 00:49:28.650069');
INSERT INTO `django_migrations` VALUES(22,'tasks','0004_task_bairro_task_cep_task_cidade_task_complemento_and_more','2026-03-25 00:49:28.739621');
INSERT INTO `django_migrations` VALUES(23,'tasks','0005_notification','2026-03-25 00:49:28.780332');
INSERT INTO `django_migrations` VALUES(24,'users','0001_initial','2026-03-25 00:49:28.802898');
INSERT INTO `django_migrations` VALUES(25,'users','0002_especialidade_userprofile_bairro_userprofile_cep_and_more','2026-03-25 00:49:28.912599');
INSERT INTO `django_migrations` VALUES(26,'users','0003_userprofile_totp_secret_and_more','2026-03-25 00:49:28.947820');
INSERT INTO `django_migrations` VALUES(27,'tasks','0006_remove_task_area_remove_task_tipo_problema_and_more','2026-04-14 16:15:06.141386');
INSERT INTO `django_migrations` VALUES(28,'users','0004_userprofile_cnpj_userprofile_cpf_and_more','2026-04-14 18:05:49.298721');
INSERT INTO `django_migrations` VALUES(29,'users','0005_remove_userprofile_email_code_expires_at_and_more','2026-05-13 17:49:39.137303');
INSERT INTO `django_migrations` VALUES(30,'tasks','0007_add_assigned_leader','2026-06-18 00:43:53.752261');
INSERT INTO `django_migrations` VALUES(31,'tasks','0008_alter_taskevidence_photo','2026-06-26 12:10:03.911114');
CREATE TABLE `django_session` (`session_key` varchar(40) NOT NULL PRIMARY KEY, `session_data` text NOT NULL, `expire_date` datetime NOT NULL);
INSERT INTO `django_session` VALUES('rfmrfc1ozn96ysksw8mnattz42dbyvmm','.eJxVzMsKwjAQheF3yVpCJ7cmLgWX4sp1mWSmpNgbjV2J724LXej2O5z_LRpcX7lZCy9NR-IsQJx-LWJ68rgPOM9F7lbkgUVeB-z6-_LYdMSBbxNxfzkef5mMJW-NiE6R14rBJnQBCawjINAtR26rYLXRoYpeY2IDxiljrakD1MGQJ1-LzxeFsDnW:1wKQpb:nelajTEgOfiWWvRJBBPTZdJ1CeeSzZxbY45Ng0l_9cQ','2026-05-20 01:13:43.847049');
INSERT INTO `django_session` VALUES('9wq1f8ewrowom2t1hgq5ijitn9tb1spk','.eJxVzMsKwjAQheF3yVpCJ7cmLgWX4sp1mWSmpNgbjV2J724LXej2O5z_LRpcX7lZCy9NR-IsQJx-LWJ68rgPOM9F7lbkgUVeB-z6-_LYdMSBbxNxfzkef5mMJW-NiE6R14rBJnQBCawjINAtR26rYLXRoYpeY2IDxiljrakD1MGQJ1-LzxeFsDnW:1wNYYX:4hirRQ8Zm4Siry5p_1CndElxxfzx5tqzt6ioqg25its','2026-05-28 16:05:01.111323');
INSERT INTO `django_session` VALUES('f3g4d3rz0njx72acy2iddk4jkh7rt5z9','.eJxVzMsKwjAQheF3yVpCJ7cmLgWX4sp1mWSmpNgbjV2J724LXej2O5z_LRpcX7lZCy9NR-IsQJx-LWJ68rgPOM9F7lbkgUVeB-z6-_LYdMSBbxNxfzkef5mMJW-NiE6R14rBJnQBCawjINAtR26rYLXRoYpeY2IDxiljrakD1MGQJ1-LzxeFsDnW:1wNYv9:MrjQkYkAbcT1Sp_pyJ3LH7Rgm1o71Mos2NEp8tG8BF8','2026-05-28 16:28:23.254777');
INSERT INTO `django_session` VALUES('z1l4vqqn53shtar7aax6p69r4pnvi27o','.eJxVzLkOwjAQBNB_cY2seOP4oESiRFTU1q4POSKXYlIh_h1HSgHFNG8082YOt1d2W4mr6wM7M8FOv0bon3HaC1yWwncr_MDCryP2w319VJ1wjLc5xOFyLP5uMpZcP4yUwVghLVFE2ZLy1qYaEAAtdMpTksoDaJ9Ako6UQqNUakQnfKuNZZ8veSA6Dg:1wSNyT:njnk1wPnkaiCQcz6bDJSXiC3K8-5RKsEmOTKzBUG7w0','2026-06-10 23:47:45.170564');
INSERT INTO `django_session` VALUES('tt6lrug2gab5xuj7d5ejrz8z8v6kciek','.eJxVzLkOwjAQBNB_cY2seOP4oESiRFTU1q4POSKXYlIh_h1HSgHFNG8082YOt1d2W4mr6wM7M8FOv0bon3HaC1yWwncr_MDCryP2w319VJ1wjLc5xOFyLP5uMpZcP4yUwVghLVFE2ZLy1qYaEAAtdMpTksoDaJ9Ako6UQqNUakQnfKuNZZ8veSA6Dg:1wVafv:1sT99x9Ie2ndW3fdxm681jSWKJe9f4lZCsbOclAKERw','2026-06-19 19:57:51.211019');
INSERT INTO `django_session` VALUES('s0gjmfg34eeyg2n99uszjh1hb2fi5qki','.eJxVzDsLwjAYheH_kllKPnMxcRQcxck5nCRfabE3GjuJ_90WOuj6HM77FgHLqwlL4Tm0WZwFicOvRaQnD9uAaSrVZqXasVTXHm13nx-rDuj5NmbuLvvjL9OgNGsjslbJKGeMqwk-KoZieYzSSxhEY21NJJ1ONch70g7w2qporcz-RFJ8vnwHOb8:1wWl6C:oy1Sf_VGf3e1-ravAmQx7vp3SLVLfP5wckLO0QlWxZM','2026-06-23 01:17:48.338632');
INSERT INTO `django_session` VALUES('15gaudbxuu4fqc3ebvozz72u2ous1ozb','.eJxVzD0LwjAUheH_kllKbD6aOAqO4uQcbu69IcW2lsZO4n-3gQ66Pi_nvEWA9ZXDWngJPYmTMOLwaxHwwVMNMM-lqVaaHUtzGaEfbst90wlGvj6Jh_O--LvJUHL96IzptHJtK2NiA94qF7X0JCmBJuvhqJTUlJJJaLfMGFGhlQ4BtWfx-QJ-lDr0:1wX6Wc:dFx043fvd90NARIDZeRDhIsV5MdpljhMFttSqIMvPDY','2026-06-24 00:10:30.569886');
INSERT INTO `django_session` VALUES('237x6f2eigtpd7zrp6vp7z5w4dxuqjxh','.eJxVzLsOgjAUBuB36WxIL3jaOpo4Gifn5vT0kBIBCZXJ-O6WhEHX77-8RcD1lcNaeAl9EicB4vBrEenB0xbgPJdms9LsWJrLiP1wW-5VJxz5-kw8nPfF303GkutHx44povTaGWWS8tZGbg04ozG6BNazJZBJkewka0DWLdZOPBI5kiA-X5DEOsI:1wX7Oj:BI16BchsOoJmCHiVfcDn8U_w59JBB-bEYpbfvJw9aqE','2026-06-24 01:06:25.251661');
INSERT INTO `django_session` VALUES('o7o32jrttxjsvi8vxwfu6fz7j92q88hh','.eJxVzD0PgjAUheH_0tmQ3kILdTRxNE7Ozbn0Eoh8hcpk_O9CwqDrc3LetwpYX21Ykyyhi-qsSJ1-jVE_ZdwHzHPKdkvZgSm7Duj6-_LYdMQgtylKfzkef5kWqd0aXLDVxoDIlMKm9IjR25zymDeFcyWBK68bsd5bwDSMQljDOksV6dqpzxd1zjoY:1wX7QL:OYY98jMc4XfSlTTjCdeVt7eehEO-Ktw4_8wFczoSoDE','2026-06-24 01:08:05.415354');
INSERT INTO `django_session` VALUES('ovrd42gm6avphcre2w5es0i819onunbw','.eJxVzLEOwiAUheF3YTbkQku4OJo4GidncoFLaGxrU-xkfHcl6aDrd3L-l_C0PYvfKq9-SOIolDj8WqB457kNtCxVNqtyxyrPEw3jdb19daaJL4_E42l__GUK1dLiOQA4jIozOUuZGYHQYJcguj4kBI46BMDOQmcVBWt7o000nDRxcuL9AZkoOug:1wctsC:1nE9WbD5lwrkBQxh2TPid24V2BLj_oOv6974HSvVfdc','2026-07-09 23:52:44.449344');
INSERT INTO `django_session` VALUES('fmvgvyp5uslg4a34upyl5es98u83hgto','.eJxVzDELwjAQhuH_klmCMcnFOAqO4uRcLncXUmxraewk_ndb6KDr8_G9b9Xg_CrNXGVqWlYndVC7X0tIDxnWAcex6tWq3rDqS49td5vuiw7Yy_XJ0p23x1-mYC1LI3kfsjGGE6e9lUzGR0AUCEeOHgTBoskpk4vkKZLLGMBxACsWKDr1-QKkmDsv:1wcu7Q:o77itwTwZCuw4qANXPe3zkkBT98NV8bDGi-l29lTusM','2026-07-10 00:08:28.997391');
INSERT INTO `django_session` VALUES('wa0z46znhfxyf047xhex2m9anidgqwwd','.eJxVzDsLwjAUhuH_kllCTpuro-AoTs7hJCchxd5o7CT-d1vooOvz8b1v5nF9Fb_WtPiO2JkBO_1awPhM4z7gPFe-W-UHVn4dsOvvy2PTEYd0myj1l-PxlylYy9YIKYvknJSqddG0EtEqEpqUAQPSUBYEYAma3FhQUWcB1AbUGaMEYyT7fAF2FDn5:1wd40n:C2CnYUedSLx8QGUL40BEH0_lGNgx79zSdNbb45adpQs','2026-07-10 10:42:17.123297');
INSERT INTO `django_session` VALUES('kef2o2n9osi0aij7zjro3ildaadjkhxk','.eJxVzD0LwjAQxvHvkllKkrtq6ig4ipNzuLscpNg3GjuJ390WOuj6e3j-bxNpeeW4FJ1jm8zZBHP4NSZ56rANNE2l2qxUO5bq2lPb3efHqgP1ehuTdpf98ZfJVPLa8JwaYEvkCDFoYqfcgHU1soAFzwxegyKinlCOFhRJyKvWXpwEZz5fljI6ww:1wd4Jt:cZt3aHgV8e2HbBKyaPRcup4JJbu6MZo5MY3x77U4co8','2026-07-10 11:02:01.699106');
CREATE TABLE `tasks_message` (`id` integer NOT NULL PRIMARY KEY AUTO_INCREMENT, `content` text NOT NULL, `created_at` datetime NOT NULL, `sender_id` integer NULL REFERENCES `auth_user` (`id`) DEFERRABLE INITIALLY DEFERRED, `task_id` bigint NOT NULL REFERENCES `tasks_task` (`id`) DEFERRABLE INITIALLY DEFERRED);
INSERT INTO `tasks_message` VALUES(6,'Por favor, priorizem essa tarefa. Os moradores estão reclamando bastante.','2026-06-25 23:09:28.284533',2,16);
INSERT INTO `tasks_message` VALUES(7,'Entendido! Já separei os materiais e vou direcionar a equipe para amanhã pela manhã.','2026-06-25 23:09:28.295465',3,16);
INSERT INTO `tasks_message` VALUES(8,'Vou precisar de massa corrida e tinta acrílica. Já está no almoxarifado?','2026-06-25 23:09:28.309947',8,16);
INSERT INTO `tasks_message` VALUES(9,'Maçaneta substituída com sucesso. Testei a fechadura e está funcionando normalmente.','2026-06-25 23:09:28.326583',10,12);
INSERT INTO `tasks_message` VALUES(10,'Ótimo trabalho! Vou registrar no relatório mensal.','2026-06-25 23:09:28.334949',3,12);
INSERT INTO `tasks_message` VALUES(11,'Excelente. Vou fazer a vistoria final amanhã e finalizar a tarefa.','2026-06-25 23:09:28.348073',2,12);
CREATE TABLE `tasks_notification` (`id` integer NOT NULL PRIMARY KEY AUTO_INCREMENT, `tipo` varchar(30) NOT NULL, `titulo` varchar(200) NOT NULL, `mensagem` text NOT NULL, `lida` bool NOT NULL, `created_at` datetime NOT NULL, `recipient_id` integer NOT NULL REFERENCES `auth_user` (`id`) DEFERRABLE INITIALLY DEFERRED, `task_id` bigint NULL REFERENCES `tasks_task` (`id`) DEFERRABLE INITIALLY DEFERRED);
INSERT INTO `tasks_notification` VALUES(24,'tarefa_criada','Nova tarefa criada pelo Admin','O administrador criou uma nova tarefa de pintura.',1,'2026-06-25 23:09:28.372538',2,17);
INSERT INTO `tasks_notification` VALUES(25,'tarefa_atribuida','Você foi alocado para uma tarefa','Tomada danificada na sala 201 - urgente!',0,'2026-06-25 23:09:28.375905',4,9);
INSERT INTO `tasks_notification` VALUES(26,'tarefa_atribuida','Tarefa atribuída a você','Rachadura na escadaria precisa de avaliação técnica.',1,'2026-06-25 23:09:28.401261',8,13);
INSERT INTO `tasks_notification` VALUES(27,'tarefa_concluida','Tarefa concluída!','Bruno Ferreira concluiu a substituição da maçaneta.',1,'2026-06-25 23:09:28.403525',2,12);
INSERT INTO `tasks_notification` VALUES(28,'nova_mensagem','Nova mensagem na tarefa','Pedro Costa enviou uma mensagem sobre a rachadura.',0,'2026-06-25 23:09:28.417693',3,13);
INSERT INTO `tasks_notification` VALUES(29,'tarefa_finalizada','Tarefa finalizada com sucesso','Forro da sala 105 foi reparado e aprovado.',1,'2026-06-25 23:09:28.443401',2,15);
INSERT INTO `tasks_notification` VALUES(30,'tarefa_atribuida','Tarefa atribuída: Instalação de corrimão na rampa de acessibilidade','Você foi alocado para esta tarefa por admin.',1,'2026-06-26 10:59:40.371706',8,17);
CREATE TABLE `tasks_task` (`id` integer NOT NULL PRIMARY KEY AUTO_INCREMENT, `title` varchar(200) NOT NULL, `description` text NOT NULL, `priority` varchar(20) NOT NULL, `status` varchar(20) NOT NULL, `due_date` date NULL, `created_at` datetime NOT NULL, `updated_at` datetime NOT NULL, `completed_at` datetime NULL, `location` varchar(200) NOT NULL, `assigned_to_id` integer NULL REFERENCES `auth_user` (`id`) DEFERRABLE INITIALLY DEFERRED, `created_by_id` integer NULL REFERENCES `auth_user` (`id`) DEFERRABLE INITIALLY DEFERRED, `bairro` varchar(100) NOT NULL, `cep` varchar(9) NOT NULL, `cidade` varchar(100) NOT NULL, `complemento` varchar(100) NOT NULL, `estado` varchar(2) NOT NULL, `logradouro` varchar(200) NOT NULL, `numero` varchar(20) NOT NULL, `assigned_leader_id` integer NULL REFERENCES `auth_user` (`id`) DEFERRABLE INITIALLY DEFERRED);
INSERT INTO `tasks_task` VALUES(6,'Lâmpada queimada no corredor do 3º andar','A lâmpada fluorescente do corredor principal do 3º andar está queimada. O local fica escuro à noite, representando risco de queda para os moradores e visitantes.','alta','aberta','2026-06-28','2026-06-25 23:09:27.833121','2026-06-25 23:09:27.833121',NULL,'Corredor 3º Andar',NULL,2,'Bela Vista','01310-100','São Paulo','','SP','Avenida Paulista','1578',NULL);
INSERT INTO `tasks_task` VALUES(7,'Vazamento na tubulação do banheiro masculino - Térreo','Há um vazamento significativo na tubulação sob a pia do banheiro masculino do térreo. A água está se acumulando no piso e pode causar infiltração para o subsolo.','urgente','aberta','2026-06-26','2026-06-25 23:09:27.870966','2026-06-25 23:09:27.870966',NULL,'Banheiro Masculino - Térreo',NULL,2,'Bela Vista','01310-100','São Paulo','','SP','Avenida Paulista','1578',NULL);
INSERT INTO `tasks_task` VALUES(8,'Rachadura na parede da escadaria - 2º ao 3º andar','Foi identificada uma rachadura diagonal de aproximadamente 40cm na parede da escadaria entre o 2º e 3º andar. Necessária avaliação técnica para verificar se é estética ou estrutural.','alta','alocada','2026-06-30','2026-06-25 23:09:27.894455','2026-06-25 23:09:27.894455',NULL,'Escadaria 2º-3º Andar',8,2,'Bela Vista','01310-100','São Paulo','','SP','Avenida Paulista','1578',3);
INSERT INTO `tasks_task` VALUES(9,'Tomada danificada na sala de reuniões 201','A tomada da parede leste da sala de reuniões 201 está com a capa plástica quebrada, expondo os fios internos. Risco elétrico alto. Isolar a tomada imediatamente e agendar substituição.','urgente','alocada','2026-06-27','2026-06-25 23:09:27.924532','2026-06-25 23:09:27.924532',NULL,'Sala de Reuniões 201',4,2,'Bela Vista','01310-100','São Paulo','','SP','Avenida Paulista','1578',NULL);
INSERT INTO `tasks_task` VALUES(10,'Limpeza do filtro do ar-condicionado - Recepção','O ar-condicionado da recepção está com o filtro visivelmente sujo, diminuindo a eficiência do aparelho e a qualidade do ar. Necessário remover, limpar e reinstalar o filtro.','normal','alocada','2026-07-02','2026-06-25 23:09:27.962548','2026-06-25 23:09:27.962548',NULL,'Recepção - Térreo',9,2,'Bela Vista','01310-100','São Paulo','','SP','Avenida Paulista','1578',3);
INSERT INTO `tasks_task` VALUES(11,'Maçaneta quebrada na porta do almoxarifado','A maçaneta da porta do almoxarifado está solta e não trava a porta adequadamente. Substituída por modelo compatível conforme especificação do fornecedor.','normal','concluida','2026-06-24','2026-06-25 23:09:27.993314','2026-06-25 23:09:27.993314','2026-06-25 17:09:27.833121','Almoxarifado - Subsolo',10,2,'Bela Vista','01310-100','São Paulo','','SP','Avenida Paulista','1578',3);
INSERT INTO `tasks_task` VALUES(12,'Reparo do elevador social - Painel de controle','O painel de controle interno do elevador social apresentou falha intermitente nos botões do 4º e 5º andar. Técnico especializado realizou a manutenção corretiva no circuito.','urgente','concluida','2026-06-23','2026-06-25 23:09:28.037791','2026-06-25 23:09:28.037791','2026-06-25 11:09:27.833121','Elevador Social',4,1,'Bela Vista','01310-100','São Paulo','','SP','Avenida Paulista','1578',3);
INSERT INTO `tasks_task` VALUES(13,'Substituição de forro danificado por infiltração - Sala 105','O forro de gesso da sala 105 apresentou manchas de umidade e mofo decorrentes de infiltração do andar superior. Forro removido, área tratada com impermeabilizante e novo forro instalado.','alta','finalizada','2026-06-20','2026-06-25 23:09:28.077222','2026-06-25 23:09:28.077222','2026-06-22 23:09:27.833121','Sala 105 - 1º Andar',8,2,'Bela Vista','01310-100','São Paulo','','SP','Avenida Paulista','1578',3);
INSERT INTO `tasks_task` VALUES(14,'Pintura desgastada no hall de entrada','A pintura do hall de entrada está descascando em vários pontos, especialmente próximo ao rodapé e nas quinas. Necessário lixar, aplicar massa corrida e repintar.','baixa','aberta','2026-07-10','2026-06-25 23:09:28.119363','2026-06-25 23:09:28.119363',NULL,'Hall de Entrada - Térreo',NULL,1,'Bela Vista','01310-100','São Paulo','','SP','Avenida Paulista','1578',NULL);
INSERT INTO `tasks_task` VALUES(15,'Troca de lâmpadas LED na garagem','Todas as lâmpadas da garagem do subsolo foram substituídas por modelos LED de maior eficiência energética, conforme plano de modernização do condomínio.','normal','finalizada','2026-06-15','2026-06-25 23:09:28.161447','2026-06-25 23:09:28.161447','2026-06-17 23:09:27.833121','Garagem - Subsolo',4,2,'Bela Vista','01310-100','São Paulo','','SP','Avenida Paulista','1578',NULL);
INSERT INTO `tasks_task` VALUES(16,'Revisão do sistema hidráulico do 5º andar','Moradores do 5º andar reportaram pressão de água reduzida em todas as torneiras. Necessário verificar registros, válvulas e possíveis obstruções na tubulação.','alta','alocada','2026-06-29','2026-06-25 23:09:28.210039','2026-06-25 23:09:28.210039',NULL,'5º Andar - Área Comum',7,2,'Bela Vista','01310-100','São Paulo','','SP','Avenida Paulista','1578',3);
INSERT INTO `tasks_task` VALUES(17,'Instalação de corrimão na rampa de acessibilidade','A rampa de acesso para cadeirantes na entrada lateral do prédio ainda não possui corrimão. Necessário instalar corrimão duplo em aço inox conforme norma NBR 9050.','normal','alocada','2026-07-15','2026-06-25 23:09:28.242000','2026-06-26 10:59:40.348439',NULL,'Entrada Lateral - Térreo',8,1,'Bela Vista','01310-100','São Paulo','','SP','Avenida Paulista','1578',NULL);
CREATE TABLE `tasks_taskevidence` (`id` integer NOT NULL PRIMARY KEY AUTO_INCREMENT, `description` text NOT NULL, `created_at` datetime NOT NULL, `task_id` bigint NOT NULL REFERENCES `tasks_task` (`id`) DEFERRABLE INITIALLY DEFERRED, `photo` varchar(100) NOT NULL);
INSERT INTO `tasks_taskevidence` VALUES(33,'Imagem gerada recriando a evidência da tarefa','2026-06-26 10:48:33.439595',6,'evidences/task_6_corredor_escuro_1782470767320.png');
INSERT INTO `tasks_taskevidence` VALUES(34,'Imagem gerada recriando a evidência da tarefa','2026-06-26 10:48:33.481251',7,'evidences/task_7_vazamento_pia_1782470777420.png');
INSERT INTO `tasks_taskevidence` VALUES(35,'Imagem gerada recriando a evidência da tarefa','2026-06-26 10:48:33.529565',8,'evidences/task_8_rachadura_parede_1782470788255.png');
INSERT INTO `tasks_taskevidence` VALUES(36,'Imagem gerada recriando a evidência da tarefa','2026-06-26 10:48:33.603272',9,'evidences/task_9_tomada_quebrada_1782470798676.png');
INSERT INTO `tasks_taskevidence` VALUES(37,'Imagem gerada recriando a evidência da tarefa','2026-06-26 10:48:33.653133',10,'evidences/task_10_filtro_sujo_1782470815031.png');
INSERT INTO `tasks_taskevidence` VALUES(38,'Imagem gerada recriando a evidência da tarefa','2026-06-26 10:48:33.695917',11,'evidences/task_11_macaneta_nova_1782470825319.png');
INSERT INTO `tasks_taskevidence` VALUES(39,'Imagem gerada recriando a evidência da tarefa','2026-06-26 10:48:33.736101',12,'evidences/task_12_painel_elevador_1782470834276.png');
INSERT INTO `tasks_taskevidence` VALUES(40,'Imagem gerada recriando a evidência da tarefa','2026-06-26 10:48:33.780193',13,'evidences/task_13_forro_novo_1782470844392.png');
INSERT INTO `tasks_taskevidence` VALUES(41,'Imagem gerada recriando a evidência da tarefa','2026-06-26 10:48:33.820283',14,'evidences/task_14_parede_descascando_1782470859567.png');
INSERT INTO `tasks_taskevidence` VALUES(42,'Imagem gerada recriando a evidência da tarefa','2026-06-26 10:48:33.870450',15,'evidences/task_15_garagem_iluminada_1782470869952.png');
INSERT INTO `tasks_taskevidence` VALUES(43,'Imagem gerada recriando a evidência da tarefa','2026-06-26 10:48:33.910919',16,'evidences/task_16_canos_manometro_1782470880521.png');
INSERT INTO `tasks_taskevidence` VALUES(44,'Imagem gerada recriando a evidência da tarefa','2026-06-26 10:48:33.955207',17,'evidences/task_17_rampa_vazia_1782470890242.png');
CREATE TABLE `users_activitylog` (`id` integer NOT NULL PRIMARY KEY AUTO_INCREMENT, `action` varchar(255) NOT NULL, `role_old` varchar(50) NULL, `role_new` varchar(50) NULL, `timestamp` datetime NOT NULL, `ip_address` char(39) NULL, `admin_user_id` integer NULL REFERENCES `auth_user` (`id`) DEFERRABLE INITIALLY DEFERRED, `target_user_id` integer NULL REFERENCES `auth_user` (`id`) DEFERRABLE INITIALLY DEFERRED);
INSERT INTO `users_activitylog` VALUES(1,'DELETE_USER','colaborador','','2026-06-25 23:08:08.680987','127.0.0.1',1,NULL);
INSERT INTO `users_activitylog` VALUES(2,'DELETE_USER','gestor','','2026-06-26 00:00:28.968163','127.0.0.1',1,NULL);
CREATE TABLE `users_especialidade` (`id` integer NOT NULL PRIMARY KEY AUTO_INCREMENT, `nome` varchar(100) NOT NULL UNIQUE, `descricao` text NOT NULL, `created_at` datetime NOT NULL);
INSERT INTO `users_especialidade` VALUES(1,'Elétrica','Instalações e manutenções elétricas','2026-06-25 23:09:25.615886');
INSERT INTO `users_especialidade` VALUES(2,'Hidráulica','Encanamento, bombas e sistemas hidráulicos','2026-06-25 23:09:25.856050');
INSERT INTO `users_especialidade` VALUES(3,'Civil','Alvenaria, pintura e reparos estruturais','2026-06-25 23:09:25.866047');
INSERT INTO `users_especialidade` VALUES(4,'Climatização','Ar condicionado, ventilação e refrigeração','2026-06-25 23:09:25.867619');
INSERT INTO `users_especialidade` VALUES(5,'Serralheria','Portas, janelas, grades e fechaduras','2026-06-25 23:09:25.878190');
CREATE TABLE `users_userprofile` (`id` integer NOT NULL PRIMARY KEY AUTO_INCREMENT, `role` varchar(20) NOT NULL, `phone` varchar(20) NOT NULL, `avatar` varchar(100) NULL, `company_name` varchar(200) NOT NULL, `bio` text NOT NULL, `created_at` datetime NOT NULL, `updated_at` datetime NOT NULL, `user_id` integer NOT NULL UNIQUE REFERENCES `auth_user` (`id`) DEFERRABLE INITIALLY DEFERRED, `bairro` varchar(100) NOT NULL, `cep` varchar(9) NOT NULL, `cidade` varchar(100) NOT NULL, `complemento` varchar(100) NOT NULL, `estado` varchar(2) NOT NULL, `logradouro` varchar(255) NOT NULL, `numero` varchar(20) NOT NULL, `especialidade_id` bigint NULL REFERENCES `users_especialidade` (`id`) DEFERRABLE INITIALLY DEFERRED, `cnpj` varchar(18) NOT NULL, `cpf` varchar(14) NOT NULL);
INSERT INTO `users_userprofile` VALUES(1,'admin','','','','','2026-04-14 17:49:09.454912','2026-06-26 10:42:17.095261',1,'','','','','','','',NULL,'','');
INSERT INTO `users_userprofile` VALUES(2,'gestor','','','','','2026-04-14 17:49:11.153379','2026-06-26 00:08:28.982978',2,'','','','','','','',NULL,'','');
INSERT INTO `users_userprofile` VALUES(3,'lider','','','','','2026-04-14 17:49:12.680201','2026-06-25 23:09:25.934480',3,'','','','','','','',1,'','');
INSERT INTO `users_userprofile` VALUES(4,'colaborador','','','','','2026-04-14 17:49:14.111897','2026-06-25 23:09:25.944934',4,'','','','','','','',1,'','');
INSERT INTO `users_userprofile` VALUES(7,'colaborador','','','','','2026-06-25 23:09:25.961654','2026-06-25 23:09:26.392696',7,'','','','','','','',2,'','');
INSERT INTO `users_userprofile` VALUES(8,'colaborador','','','','','2026-06-25 23:09:26.400167','2026-06-26 11:02:01.665352',8,'','','','','','','',3,'','');
INSERT INTO `users_userprofile` VALUES(9,'colaborador','','','','','2026-06-25 23:09:26.863303','2026-06-25 23:09:27.311450',9,'','','','','','','',4,'','');
INSERT INTO `users_userprofile` VALUES(10,'colaborador','','','','','2026-06-25 23:09:27.325919','2026-06-25 23:14:01.545678',10,'','','','','','','',5,'','');
CREATE UNIQUE INDEX `auth_group_permissions_group_id_permission_id_0cd325b0_uniq` ON `auth_group_permissions` (`group_id`, `permission_id`);
CREATE INDEX `auth_group_permissions_group_id_b120cbf9` ON `auth_group_permissions` (`group_id`);
CREATE INDEX `auth_group_permissions_permission_id_84c5c92e` ON `auth_group_permissions` (`permission_id`);
CREATE UNIQUE INDEX `auth_user_groups_user_id_group_id_94350c0c_uniq` ON `auth_user_groups` (`user_id`, `group_id`);
CREATE INDEX `auth_user_groups_user_id_6a12ed8b` ON `auth_user_groups` (`user_id`);
CREATE INDEX `auth_user_groups_group_id_97559544` ON `auth_user_groups` (`group_id`);
CREATE UNIQUE INDEX `auth_user_user_permissions_user_id_permission_id_14a6b632_uniq` ON `auth_user_user_permissions` (`user_id`, `permission_id`);
CREATE INDEX `auth_user_user_permissions_user_id_a95ead1b` ON `auth_user_user_permissions` (`user_id`);
CREATE INDEX `auth_user_user_permissions_permission_id_1fbb5f2c` ON `auth_user_user_permissions` (`permission_id`);
CREATE INDEX `django_admin_log_content_type_id_c4bce8eb` ON `django_admin_log` (`content_type_id`);
CREATE INDEX `django_admin_log_user_id_c564eba6` ON `django_admin_log` (`user_id`);
CREATE UNIQUE INDEX `django_content_type_app_label_model_76bd3d3b_uniq` ON `django_content_type` (`app_label`, `model`);
CREATE UNIQUE INDEX `auth_permission_content_type_id_codename_01ab375a_uniq` ON `auth_permission` (`content_type_id`, `codename`);
CREATE INDEX `auth_permission_content_type_id_2f476e4b` ON `auth_permission` (`content_type_id`);
CREATE INDEX `django_session_expire_date_a5c62663` ON `django_session` (`expire_date`);
CREATE INDEX `tasks_message_sender_id_8361ebd7` ON `tasks_message` (`sender_id`);
CREATE INDEX `tasks_message_task_id_3b8fb6b5` ON `tasks_message` (`task_id`);
CREATE INDEX `tasks_notification_recipient_id_63654a4a` ON `tasks_notification` (`recipient_id`);
CREATE INDEX `tasks_notification_task_id_0e908a3c` ON `tasks_notification` (`task_id`);
CREATE INDEX `users_activitylog_admin_user_id_4d0e5358` ON `users_activitylog` (`admin_user_id`);
CREATE INDEX `users_activitylog_target_user_id_cfb19a32` ON `users_activitylog` (`target_user_id`);
CREATE INDEX `tasks_task_assigned_to_id_e8821f61` ON `tasks_task` (`assigned_to_id`);
CREATE INDEX `tasks_task_created_by_id_1345568a` ON `tasks_task` (`created_by_id`);
CREATE INDEX `users_userprofile_especialidade_id_5bcff864` ON `users_userprofile` (`especialidade_id`);
CREATE INDEX `tasks_task_assigned_leader_id_2eff5c40` ON `tasks_task` (`assigned_leader_id`);
CREATE INDEX `tasks_taskevidence_task_id_0065cc50` ON `tasks_taskevidence` (`task_id`);

COMMIT;
SET FOREIGN_KEY_CHECKS = 1;
